Nome;Imagem;Caminho Padrão;Categoria;nome;tipo;@Imagem
Parafuso Francês;;C:\Users\Marco\Desktop\projetos\razemfix-wireframe\razemfix-wireframe\public\produtos;Parafusos;parafuso_frances;jpeg;C:\Users\Marco\Desktop\projetos\razemfix-wireframe\razemfix-wireframe\public\produtos\parafuso_frances.jpeg
Parafuso Sextavado;;C:\Users\Marco\Desktop\projetos\razemfix-wireframe\razemfix-wireframe\public\produtos;Parafusos;parafuso_sextavado;jpeg;C:\Users\Marco\Desktop\projetos\razemfix-wireframe\razemfix-wireframe\public\produtos\parafuso_sextavado.jpeg
Parafuso Sextavado Interno (Cabeça Cilíndrica);;C:\Users\Marco\Desktop\projetos\razemfix-wireframe\razemfix-wireframe\public\produtos;Parafusos;parafuso_sextavado_interno_-cabeca_cilindrica-;jpeg;C:\Users\Marco\Desktop\projetos\razemfix-wireframe\razemfix-wireframe\public\produtos\parafuso_sextavado_interno_-cabeca_cilindrica-.jpeg
Parafuso Sextavado Interno (Cabeça Chata);;C:\Users\Marco\Desktop\projetos\razemfix-wireframe\razemfix-wireframe\public\produtos;Parafusos;parafuso_sextavado_interno_-cabeca_chata-;png;C:\Users\Marco\Desktop\projetos\razemfix-wireframe\razemfix-wireframe\public\produtos\parafuso_sextavado_interno_-cabeca_chata-.png
Parafuso Sextavado Interno (Cabeça Abaulada);;C:\Users\Marco\Desktop\projetos\razemfix-wireframe\razemfix-wireframe\public\produtos;Parafusos;parafuso_sextavado_interno_-cabeca_abaulada-;png;C:\Users\Marco\Desktop\projetos\razemfix-wireframe\razemfix-wireframe\public\produtos\parafuso_sextavado_interno_-cabeca_abaulada-.png
Parafuso Sextavado Interno (Sem Cabeça);;C:\Users\Marco\Desktop\projetos\razemfix-wireframe\razemfix-wireframe\public\produtos;Parafusos;parafuso_sextavado_interno_-sem_cabeca-;png;C:\Users\Marco\Desktop\projetos\razemfix-wireframe\razemfix-wireframe\public\produtos\parafuso_sextavado_interno_-sem_cabeca-.png
Bujão de Pressão;;C:\Users\Marco\Desktop\projetos\razemfix-wireframe\razemfix-wireframe\public\produtos;Parafusos;bujao_de_pressao;png;C:\Users\Marco\Desktop\projetos\razemfix-wireframe\razemfix-wireframe\public\produtos\bujao_de_pressao.png
Parafuso Sextavado Interno (Cabeça Cilíndrica Baixa);;C:\Users\Marco\Desktop\projetos\razemfix-wireframe\razemfix-wireframe\public\produtos;Parafusos;parafuso_sextavado_interno_-cabeca_cilindrica_baixa-;png;C:\Users\Marco\Desktop\projetos\razemfix-wireframe\razemfix-wireframe\public\produtos\parafuso_sextavado_interno_-cabeca_cilindrica_baixa-.png
Parafuso Sextavado Interno (Corpo Retificado);;C:\Users\Marco\Desktop\projetos\razemfix-wireframe\razemfix-wireframe\public\produtos;Parafusos;parafuso_sextavado_interno_-corpo_retificado-;png;C:\Users\Marco\Desktop\projetos\razemfix-wireframe\razemfix-wireframe\public\produtos\parafuso_sextavado_interno_-corpo_retificado-.png
Parafuso ASTM A325;;C:\Users\Marco\Desktop\projetos\razemfix-wireframe\razemfix-wireframe\public\produtos;Parafusos;parafuso_astm_a325;png;C:\Users\Marco\Desktop\projetos\razemfix-wireframe\razemfix-wireframe\public\produtos\parafuso_astm_a325.png
Parafuso ASTM A490;;C:\Users\Marco\Desktop\projetos\razemfix-wireframe\razemfix-wireframe\public\produtos;Parafusos;parafuso_astm_a490;png;C:\Users\Marco\Desktop\projetos\razemfix-wireframe\razemfix-wireframe\public\produtos\parafuso_astm_a490.png
Parafuso ASTM A307 B;;C:\Users\Marco\Desktop\projetos\razemfix-wireframe\razemfix-wireframe\public\produtos;Parafusos;parafuso_astm_a307_b;png;C:\Users\Marco\Desktop\projetos\razemfix-wireframe\razemfix-wireframe\public\produtos\parafuso_astm_a307_b.png
Parafuso ASTM A394 TO;;C:\Users\Marco\Desktop\projetos\razemfix-wireframe\razemfix-wireframe\public\produtos;Parafusos;parafuso_astm_a394_to;png;C:\Users\Marco\Desktop\projetos\razemfix-wireframe\razemfix-wireframe\public\produtos\parafuso_astm_a394_to.png
Barra Roscada e Estojo A193 B7;;C:\Users\Marco\Desktop\projetos\razemfix-wireframe\razemfix-wireframe\public\produtos;Barras Roscadas;barra_roscada_e_estojo_a193_b7;png;C:\Users\Marco\Desktop\projetos\razemfix-wireframe\razemfix-wireframe\public\produtos\barra_roscada_e_estojo_a193_b7.png
Parafuso Sextavado (Flangeado DIN 6921);;C:\Users\Marco\Desktop\projetos\razemfix-wireframe\razemfix-wireframe\public\produtos;Parafusos;parafuso_sextavado_-flangeado_din_6921-;png;C:\Users\Marco\Desktop\projetos\razemfix-wireframe\razemfix-wireframe\public\produtos\parafuso_sextavado_-flangeado_din_6921-.png
Parafuso Cabeça Sextavada (Rosca Soberba);;C:\Users\Marco\Desktop\projetos\razemfix-wireframe\razemfix-wireframe\public\produtos;Parafusos;parafuso_cabeca_sextavada_-rosca_soberba-;png;C:\Users\Marco\Desktop\projetos\razemfix-wireframe\razemfix-wireframe\public\produtos\parafuso_cabeca_sextavada_-rosca_soberba-.png
Parafuso Rosca Máquina (Trilobular Cabeça Panela);;C:\Users\Marco\Desktop\projetos\razemfix-wireframe\razemfix-wireframe\public\produtos;Parafusos;parafuso_rosca_maquina_-trilobular_cabeca_panela-;png;C:\Users\Marco\Desktop\projetos\razemfix-wireframe\razemfix-wireframe\public\produtos\parafuso_rosca_maquina_-trilobular_cabeca_panela-.png
Parafuso Rosca Máquina (Trilobular Cabeça Chata);;C:\Users\Marco\Desktop\projetos\razemfix-wireframe\razemfix-wireframe\public\produtos;Parafusos;parafuso_rosca_maquina_-trilobular_cabeca_chata-;png;C:\Users\Marco\Desktop\projetos\razemfix-wireframe\razemfix-wireframe\public\produtos\parafuso_rosca_maquina_-trilobular_cabeca_chata-.png
Parafuso Rosca Máquina (Cabeça Redonda);;C:\Users\Marco\Desktop\projetos\razemfix-wireframe\razemfix-wireframe\public\produtos;Parafusos;parafuso_rosca_maquina_-cabeca_redonda-;png;C:\Users\Marco\Desktop\projetos\razemfix-wireframe\razemfix-wireframe\public\produtos\parafuso_rosca_maquina_-cabeca_redonda-.png
Parafuso Rosca Máquina (Cabeça Chata);;C:\Users\Marco\Desktop\projetos\razemfix-wireframe\razemfix-wireframe\public\produtos;Parafusos;parafuso_rosca_maquina_-cabeca_chata-;png;C:\Users\Marco\Desktop\projetos\razemfix-wireframe\razemfix-wireframe\public\produtos\parafuso_rosca_maquina_-cabeca_chata-.png
Parafuso Rosca Máquina (Cabeça Lentilha);;C:\Users\Marco\Desktop\projetos\razemfix-wireframe\razemfix-wireframe\public\produtos;Parafusos;parafuso_rosca_maquina_-cabeca_lentilha-;png;C:\Users\Marco\Desktop\projetos\razemfix-wireframe\razemfix-wireframe\public\produtos\parafuso_rosca_maquina_-cabeca_lentilha-.png
Parafuso Rosca Máquina (Cabeça Cilíndrica);;C:\Users\Marco\Desktop\projetos\razemfix-wireframe\razemfix-wireframe\public\produtos;Parafusos;parafuso_rosca_maquina_-cabeca_cilindrica-;png;C:\Users\Marco\Desktop\projetos\razemfix-wireframe\razemfix-wireframe\public\produtos\parafuso_rosca_maquina_-cabeca_cilindrica-.png
Parafuso Rosca Máquina (Cabeça Panela);;C:\Users\Marco\Desktop\projetos\razemfix-wireframe\razemfix-wireframe\public\produtos;Parafusos;parafuso_rosca_maquina_-cabeca_panela-;png;C:\Users\Marco\Desktop\projetos\razemfix-wireframe\razemfix-wireframe\public\produtos\parafuso_rosca_maquina_-cabeca_panela-.png
Parafuso Rosca Máquina (Cabeça Oval para Espelho de Luz);;C:\Users\Marco\Desktop\projetos\razemfix-wireframe\razemfix-wireframe\public\produtos;Parafusos;parafuso_rosca_maquina_-cabeca_oval_para_espelho_de_luz-;png;C:\Users\Marco\Desktop\projetos\razemfix-wireframe\razemfix-wireframe\public\produtos\parafuso_rosca_maquina_-cabeca_oval_para_espelho_de_luz-.png
Parafuso Rosca Máquina (Cabeça Chata para Caixa de Luz);;C:\Users\Marco\Desktop\projetos\razemfix-wireframe\razemfix-wireframe\public\produtos;Parafusos;parafuso_rosca_maquina_-cabeca_chata_para_caixa_de_luz-;png;C:\Users\Marco\Desktop\projetos\razemfix-wireframe\razemfix-wireframe\public\produtos\parafuso_rosca_maquina_-cabeca_chata_para_caixa_de_luz-.png
Parafuso Rosca Máquina (Cabeça Tampinha);;C:\Users\Marco\Desktop\projetos\razemfix-wireframe\razemfix-wireframe\public\produtos;Parafusos;parafuso_rosca_maquina_-cabeca_tampinha-;png;C:\Users\Marco\Desktop\projetos\razemfix-wireframe\razemfix-wireframe\public\produtos\parafuso_rosca_maquina_-cabeca_tampinha-.png
Parafuso Rosca Máquina (Cabeça Lentilha com Trava);;C:\Users\Marco\Desktop\projetos\razemfix-wireframe\razemfix-wireframe\public\produtos;Parafusos;parafuso_rosca_maquina_-cabeca_lentilha_com_trava-;png;C:\Users\Marco\Desktop\projetos\razemfix-wireframe\razemfix-wireframe\public\produtos\parafuso_rosca_maquina_-cabeca_lentilha_com_trava-.png
Parafuso Rosca Máquina (Cabeça Caneca);;C:\Users\Marco\Desktop\projetos\razemfix-wireframe\razemfix-wireframe\public\produtos;Parafusos;parafuso_rosca_maquina_-cabeca_caneca-;png;C:\Users\Marco\Desktop\projetos\razemfix-wireframe\razemfix-wireframe\public\produtos\parafuso_rosca_maquina_-cabeca_caneca-.png
Parafuso Auto Atarraxante (Cabeça Panela);;C:\Users\Marco\Desktop\projetos\razemfix-wireframe\razemfix-wireframe\public\produtos;Parafusos;parafuso_auto_atarraxante_-cabeca_panela-;png;C:\Users\Marco\Desktop\projetos\razemfix-wireframe\razemfix-wireframe\public\produtos\parafuso_auto_atarraxante_-cabeca_panela-.png
Parafuso Auto Atarraxante (Cabeça Chata);;C:\Users\Marco\Desktop\projetos\razemfix-wireframe\razemfix-wireframe\public\produtos;Parafusos;parafuso_auto_atarraxante_-cabeca_chata-;png;C:\Users\Marco\Desktop\projetos\razemfix-wireframe\razemfix-wireframe\public\produtos\parafuso_auto_atarraxante_-cabeca_chata-.png
Parafuso Auto Atarraxante (Cabeça Oval);;C:\Users\Marco\Desktop\projetos\razemfix-wireframe\razemfix-wireframe\public\produtos;Parafusos;parafuso_auto_atarraxante_-cabeca_oval-;png;C:\Users\Marco\Desktop\projetos\razemfix-wireframe\razemfix-wireframe\public\produtos\parafuso_auto_atarraxante_-cabeca_oval-.png
Parafuso Sextavado (Auto Atarraxante Arruelado);;C:\Users\Marco\Desktop\projetos\razemfix-wireframe\razemfix-wireframe\public\produtos;Parafusos;parafuso_sextavado_-auto_atarraxante_arruelado-;png;C:\Users\Marco\Desktop\projetos\razemfix-wireframe\razemfix-wireframe\public\produtos\parafuso_sextavado_-auto_atarraxante_arruelado-.png
Parafuso Auto Atarraxante (Ponta Piloto Cabeça Panela);;C:\Users\Marco\Desktop\projetos\razemfix-wireframe\razemfix-wireframe\public\produtos;Parafusos;parafuso_auto_atarraxante_-ponta_piloto_cabeca_panela-;png;C:\Users\Marco\Desktop\projetos\razemfix-wireframe\razemfix-wireframe\public\produtos\parafuso_auto_atarraxante_-ponta_piloto_cabeca_panela-.png
Parafuso Cabeça Chata (para Madeira);;C:\Users\Marco\Desktop\projetos\razemfix-wireframe\razemfix-wireframe\public\produtos;Parafusos;parafuso_cabeca_chata_-para_madeira-;png;C:\Users\Marco\Desktop\projetos\razemfix-wireframe\razemfix-wireframe\public\produtos\parafuso_cabeca_chata_-para_madeira-.png
Parafuso Cabeça Tampinha (para Madeira);;C:\Users\Marco\Desktop\projetos\razemfix-wireframe\razemfix-wireframe\public\produtos;Parafusos;parafuso_cabeca_tampinha_-para_madeira-;png;C:\Users\Marco\Desktop\projetos\razemfix-wireframe\razemfix-wireframe\public\produtos\parafuso_cabeca_tampinha_-para_madeira-.png
Gonzo e Pino Cilíndrico (para Dobradiça);;C:\Users\Marco\Desktop\projetos\razemfix-wireframe\razemfix-wireframe\public\produtos;Parafusos;gonzo_e_pino_cilindrico_-para_dobradica-;png;C:\Users\Marco\Desktop\projetos\razemfix-wireframe\razemfix-wireframe\public\produtos\gonzo_e_pino_cilindrico_-para_dobradica-.png
Parafuso Chipboard (Cabeça Panela);;C:\Users\Marco\Desktop\projetos\razemfix-wireframe\razemfix-wireframe\public\produtos;Parafusos;parafuso_chipboard_-cabeca_panela-;png;C:\Users\Marco\Desktop\projetos\razemfix-wireframe\razemfix-wireframe\public\produtos\parafuso_chipboard_-cabeca_panela-.png
Parafuso Chipboard (Cabeça Chata);;C:\Users\Marco\Desktop\projetos\razemfix-wireframe\razemfix-wireframe\public\produtos;Parafusos;parafuso_chipboard_-cabeca_chata-;png;C:\Users\Marco\Desktop\projetos\razemfix-wireframe\razemfix-wireframe\public\produtos\parafuso_chipboard_-cabeca_chata-.png
Parafuso Chipboard (Cabeça Flangeada);;C:\Users\Marco\Desktop\projetos\razemfix-wireframe\razemfix-wireframe\public\produtos;Parafusos;parafuso_chipboard_-cabeca_flangeada-;png;C:\Users\Marco\Desktop\projetos\razemfix-wireframe\razemfix-wireframe\public\produtos\parafuso_chipboard_-cabeca_flangeada-.png
Parafuso Estrutural para Móveis (Cabeça Tampinha);;C:\Users\Marco\Desktop\projetos\razemfix-wireframe\razemfix-wireframe\public\produtos;Parafusos;parafuso_estrutural_para_moveis_-cabeca_tampinha-;png;C:\Users\Marco\Desktop\projetos\razemfix-wireframe\razemfix-wireframe\public\produtos\parafuso_estrutural_para_moveis_-cabeca_tampinha-.png
Parafuso Estrutural para Móveis (Cabeça Escareada);;C:\Users\Marco\Desktop\projetos\razemfix-wireframe\razemfix-wireframe\public\produtos;Parafusos;parafuso_estrutural_para_moveis_-cabeca_escareada-;png;C:\Users\Marco\Desktop\projetos\razemfix-wireframe\razemfix-wireframe\public\produtos\parafuso_estrutural_para_moveis_-cabeca_escareada-.png
Parafuso para Cama;;C:\Users\Marco\Desktop\projetos\razemfix-wireframe\razemfix-wireframe\public\produtos;Parafusos;parafuso_para_cama;png;C:\Users\Marco\Desktop\projetos\razemfix-wireframe\razemfix-wireframe\public\produtos\parafuso_para_cama.png
Parafuso para Corrediça (Cabeça Chata);;C:\Users\Marco\Desktop\projetos\razemfix-wireframe\razemfix-wireframe\public\produtos;Parafusos;parafuso_para_corredica_-cabeca_chata-;png;C:\Users\Marco\Desktop\projetos\razemfix-wireframe\razemfix-wireframe\public\produtos\parafuso_para_corredica_-cabeca_chata-.png
Parafuso para Dobradiça (Cabeça Panela);;C:\Users\Marco\Desktop\projetos\razemfix-wireframe\razemfix-wireframe\public\produtos;Parafusos;parafuso_para_dobradica_-cabeca_panela-;png;C:\Users\Marco\Desktop\projetos\razemfix-wireframe\razemfix-wireframe\public\produtos\parafuso_para_dobradica_-cabeca_panela-.png
Parafuso para Puxadores (Cabeça Flangeada);;C:\Users\Marco\Desktop\projetos\razemfix-wireframe\razemfix-wireframe\public\produtos;Parafusos;parafuso_para_puxadores_-cabeca_flangeada-;png;C:\Users\Marco\Desktop\projetos\razemfix-wireframe\razemfix-wireframe\public\produtos\parafuso_para_puxadores_-cabeca_flangeada-.png
Parafuso para Puxadores (Segmentado Cabeça Flangeada);;C:\Users\Marco\Desktop\projetos\razemfix-wireframe\razemfix-wireframe\public\produtos;Parafusos;parafuso_para_puxadores_-segmentado_cabeca_flangeada-;png;C:\Users\Marco\Desktop\projetos\razemfix-wireframe\razemfix-wireframe\public\produtos\parafuso_para_puxadores_-segmentado_cabeca_flangeada-.png
Parafuso Plastic (Cabeça Panela);;C:\Users\Marco\Desktop\projetos\razemfix-wireframe\razemfix-wireframe\public\produtos;Parafusos;parafuso_plastic_-cabeca_panela-;png;C:\Users\Marco\Desktop\projetos\razemfix-wireframe\razemfix-wireframe\public\produtos\parafuso_plastic_-cabeca_panela-.png
Parafuso Plastic (Cabeça Chata);;C:\Users\Marco\Desktop\projetos\razemfix-wireframe\razemfix-wireframe\public\produtos;Parafusos;parafuso_plastic_-cabeca_chata-;png;C:\Users\Marco\Desktop\projetos\razemfix-wireframe\razemfix-wireframe\public\produtos\parafuso_plastic_-cabeca_chata-.png
Parafuso Plastic (Cabeça Flangeada);;C:\Users\Marco\Desktop\projetos\razemfix-wireframe\razemfix-wireframe\public\produtos;Parafusos;parafuso_plastic_-cabeca_flangeada-;png;C:\Users\Marco\Desktop\projetos\razemfix-wireframe\razemfix-wireframe\public\produtos\parafuso_plastic_-cabeca_flangeada-.png
Parafuso Drywall (Cabeça Flangeada);;C:\Users\Marco\Desktop\projetos\razemfix-wireframe\razemfix-wireframe\public\produtos;Parafusos;parafuso_drywall_-cabeca_flangeada-;png;C:\Users\Marco\Desktop\projetos\razemfix-wireframe\razemfix-wireframe\public\produtos\parafuso_drywall_-cabeca_flangeada-.png
Parafuso Drywall Cabeça Trombeta;;C:\Users\Marco\Desktop\projetos\razemfix-wireframe\razemfix-wireframe\public\produtos;Parafusos;parafuso_drywall_cabeca_trombeta;png;C:\Users\Marco\Desktop\projetos\razemfix-wireframe\razemfix-wireframe\public\produtos\parafuso_drywall_cabeca_trombeta.png
Parafuso Drywall (Cabeça Flangeada Serrilhada);;C:\Users\Marco\Desktop\projetos\razemfix-wireframe\razemfix-wireframe\public\produtos;Parafusos;parafuso_drywall_-cabeca_flangeada_serrilhada-;png;C:\Users\Marco\Desktop\projetos\razemfix-wireframe\razemfix-wireframe\public\produtos\parafuso_drywall_-cabeca_flangeada_serrilhada-.png
Parafuso Drywall Cabeça Chata (Com Asa de Expansão);;C:\Users\Marco\Desktop\projetos\razemfix-wireframe\razemfix-wireframe\public\produtos;Parafusos;parafuso_drywall_cabeca_chata_-com_asa_de_expansao-;png;C:\Users\Marco\Desktop\projetos\razemfix-wireframe\razemfix-wireframe\public\produtos\parafuso_drywall_cabeca_chata_-com_asa_de_expansao-.png
Parafuso Sextavado Auto-Brocante (com Arruela de Vedação Especial);;C:\Users\Marco\Desktop\projetos\razemfix-wireframe\razemfix-wireframe\public\produtos;Parafusos;parafuso_sextavado_auto-brocante_-com_arruela_de_vedacao_especial-;png;C:\Users\Marco\Desktop\projetos\razemfix-wireframe\razemfix-wireframe\public\produtos\parafuso_sextavado_auto-brocante_-com_arruela_de_vedacao_especial-.png
Parafuso Sextavado Ponta Ogivada (com Arruela de Vedação Especial);;C:\Users\Marco\Desktop\projetos\razemfix-wireframe\razemfix-wireframe\public\produtos;Parafusos;parafuso_sextavado_ponta_ogivada_-com_arruela_de_vedacao_especial-;png;C:\Users\Marco\Desktop\projetos\razemfix-wireframe\razemfix-wireframe\public\produtos\parafuso_sextavado_ponta_ogivada_-com_arruela_de_vedacao_especial-.png
Parafuso Sextavado Brocante;;C:\Users\Marco\Desktop\projetos\razemfix-wireframe\razemfix-wireframe\public\produtos;Parafusos;parafuso_sextavado_brocante;png;C:\Users\Marco\Desktop\projetos\razemfix-wireframe\razemfix-wireframe\public\produtos\parafuso_sextavado_brocante.png
Parafuso Sextavado Brocante (Cabeça Flangeada);;C:\Users\Marco\Desktop\projetos\razemfix-wireframe\razemfix-wireframe\public\produtos;Parafusos;parafuso_sextavado_brocante_-cabeca_flangeada-;png;C:\Users\Marco\Desktop\projetos\razemfix-wireframe\razemfix-wireframe\public\produtos\parafuso_sextavado_brocante_-cabeca_flangeada-.png
Parafuso Sextavado Brocante (Cabeça Flangeada Rosca Dupla);;C:\Users\Marco\Desktop\projetos\razemfix-wireframe\razemfix-wireframe\public\produtos;Parafusos;parafuso_sextavado_brocante_-cabeca_flangeada_rosca_dupla-;png;C:\Users\Marco\Desktop\projetos\razemfix-wireframe\razemfix-wireframe\public\produtos\parafuso_sextavado_brocante_-cabeca_flangeada_rosca_dupla-.png
Parafuso Cabeça Panela Brocante;;C:\Users\Marco\Desktop\projetos\razemfix-wireframe\razemfix-wireframe\public\produtos;Parafusos;parafuso_cabeca_panela_brocante;png;C:\Users\Marco\Desktop\projetos\razemfix-wireframe\razemfix-wireframe\public\produtos\parafuso_cabeca_panela_brocante.png
Parafuso Cabeça Panela Brocante (Fenda Six-Lobe Brocante);;C:\Users\Marco\Desktop\projetos\razemfix-wireframe\razemfix-wireframe\public\produtos;Parafusos;parafuso_cabeca_panela_brocante_-fenda_six-lobe_brocante-;png;C:\Users\Marco\Desktop\projetos\razemfix-wireframe\razemfix-wireframe\public\produtos\parafuso_cabeca_panela_brocante_-fenda_six-lobe_brocante-.png
Parafuso Cabeça Chata Brocante;;C:\Users\Marco\Desktop\projetos\razemfix-wireframe\razemfix-wireframe\public\produtos;Parafusos;parafuso_cabeca_chata_brocante;png;C:\Users\Marco\Desktop\projetos\razemfix-wireframe\razemfix-wireframe\public\produtos\parafuso_cabeca_chata_brocante.png
Parafuso Brocante (Cabeça Chata Estriado);;C:\Users\Marco\Desktop\projetos\razemfix-wireframe\razemfix-wireframe\public\produtos;Parafusos;parafuso_brocante_-cabeca_chata_estriado-;png;C:\Users\Marco\Desktop\projetos\razemfix-wireframe\razemfix-wireframe\public\produtos\parafuso_brocante_-cabeca_chata_estriado-.png
Parafuso Cabeça Redonda (Fenda Six-Lobe Brocante);;C:\Users\Marco\Desktop\projetos\razemfix-wireframe\razemfix-wireframe\public\produtos;Parafusos;parafuso_cabeca_redonda_-fenda_six-lobe_brocante-;png;C:\Users\Marco\Desktop\projetos\razemfix-wireframe\razemfix-wireframe\public\produtos\parafuso_cabeca_redonda_-fenda_six-lobe_brocante-.png
Parafuso Cabeça Sextavada (para Telha);;C:\Users\Marco\Desktop\projetos\razemfix-wireframe\razemfix-wireframe\public\produtos;Parafusos;parafuso_cabeca_sextavada_-para_telha-;png;C:\Users\Marco\Desktop\projetos\razemfix-wireframe\razemfix-wireframe\public\produtos\parafuso_cabeca_sextavada_-para_telha-.png
Parafuso Cabeça Quadrada (para Telha);;C:\Users\Marco\Desktop\projetos\razemfix-wireframe\razemfix-wireframe\public\produtos;Parafusos;parafuso_cabeca_quadrada_-para_telha-;png;C:\Users\Marco\Desktop\projetos\razemfix-wireframe\razemfix-wireframe\public\produtos\parafuso_cabeca_quadrada_-para_telha-.png
Haste Roscada para Telha;;C:\Users\Marco\Desktop\projetos\razemfix-wireframe\razemfix-wireframe\public\produtos;Parafusos;haste_roscada_para_telha;png;C:\Users\Marco\Desktop\projetos\razemfix-wireframe\razemfix-wireframe\public\produtos\haste_roscada_para_telha.png
Parafuso para Andaimes (Reto Cabeça Elíptica);;C:\Users\Marco\Desktop\projetos\razemfix-wireframe\razemfix-wireframe\public\produtos;Parafusos;parafuso_para_andaimes_-reto_cabeca_eliptica-;png;C:\Users\Marco\Desktop\projetos\razemfix-wireframe\razemfix-wireframe\public\produtos\parafuso_para_andaimes_-reto_cabeca_eliptica-.png
Parafuso para Andaimes (Dobrado Cabeça Elíptica);;C:\Users\Marco\Desktop\projetos\razemfix-wireframe\razemfix-wireframe\public\produtos;Parafusos;parafuso_para_andaimes_-dobrado_cabeca_eliptica-;png;C:\Users\Marco\Desktop\projetos\razemfix-wireframe\razemfix-wireframe\public\produtos\parafuso_para_andaimes_-dobrado_cabeca_eliptica-.png
Haste para Louça Sanitária;;C:\Users\Marco\Desktop\projetos\razemfix-wireframe\razemfix-wireframe\public\produtos;Parafusos;haste_para_louca_sanitaria;png;C:\Users\Marco\Desktop\projetos\razemfix-wireframe\razemfix-wireframe\public\produtos\haste_para_louca_sanitaria.png
Parafuso e Eixo Bicicleta;;C:\Users\Marco\Desktop\projetos\razemfix-wireframe\razemfix-wireframe\public\produtos;Parafusos;parafuso_e_eixo_bicicleta;png;C:\Users\Marco\Desktop\projetos\razemfix-wireframe\razemfix-wireframe\public\produtos\parafuso_e_eixo_bicicleta.png
Parafuso Flangeado para Tambor;;C:\Users\Marco\Desktop\projetos\razemfix-wireframe\razemfix-wireframe\public\produtos;Parafusos;parafuso_flangeado_para_tambor;png;C:\Users\Marco\Desktop\projetos\razemfix-wireframe\razemfix-wireframe\public\produtos\parafuso_flangeado_para_tambor.png
Parafusos de Linha Agrícola;;C:\Users\Marco\Desktop\projetos\razemfix-wireframe\razemfix-wireframe\public\produtos;Parafusos;parafusos_de_linha_agricola;png;C:\Users\Marco\Desktop\projetos\razemfix-wireframe\razemfix-wireframe\public\produtos\parafusos_de_linha_agricola.png
Parafusos de Linha Automotiva;;C:\Users\Marco\Desktop\projetos\razemfix-wireframe\razemfix-wireframe\public\produtos;Parafusos;parafusos_de_linha_automotiva;png;C:\Users\Marco\Desktop\projetos\razemfix-wireframe\razemfix-wireframe\public\produtos\parafusos_de_linha_automotiva.png
Barra Roscada;;C:\Users\Marco\Desktop\projetos\razemfix-wireframe\razemfix-wireframe\public\produtos;Barras Roscadas;barra_roscada;png;C:\Users\Marco\Desktop\projetos\razemfix-wireframe\razemfix-wireframe\public\produtos\barra_roscada.png
Porca Sextavada;;C:\Users\Marco\Desktop\projetos\razemfix-wireframe\razemfix-wireframe\public\produtos;Porcas;porca_sextavada;png;C:\Users\Marco\Desktop\projetos\razemfix-wireframe\razemfix-wireframe\public\produtos\porca_sextavada.png
Porca Sextavada Baixa;;C:\Users\Marco\Desktop\projetos\razemfix-wireframe\razemfix-wireframe\public\produtos;Porcas;porca_sextavada_baixa;png;C:\Users\Marco\Desktop\projetos\razemfix-wireframe\razemfix-wireframe\public\produtos\porca_sextavada_baixa.png
Porca Sextavada Flangeada;;C:\Users\Marco\Desktop\projetos\razemfix-wireframe\razemfix-wireframe\public\produtos;Porcas;porca_sextavada_flangeada;png;C:\Users\Marco\Desktop\projetos\razemfix-wireframe\razemfix-wireframe\public\produtos\porca_sextavada_flangeada.png
Porca Sextavada (Flangeada Serrilhada);;C:\Users\Marco\Desktop\projetos\razemfix-wireframe\razemfix-wireframe\public\produtos;Porcas;porca_sextavada_-flangeada_serrilhada-;png;C:\Users\Marco\Desktop\projetos\razemfix-wireframe\razemfix-wireframe\public\produtos\porca_sextavada_-flangeada_serrilhada-.png
Porca Sextavada Torque;;C:\Users\Marco\Desktop\projetos\razemfix-wireframe\razemfix-wireframe\public\produtos;Porcas;porca_sextavada_torque;png;C:\Users\Marco\Desktop\projetos\razemfix-wireframe\razemfix-wireframe\public\produtos\porca_sextavada_torque.png
Porca Sextavada ASTM A194 2H;;C:\Users\Marco\Desktop\projetos\razemfix-wireframe\razemfix-wireframe\public\produtos;Porcas;porca_sextavada_astm_a194_2h;png;C:\Users\Marco\Desktop\projetos\razemfix-wireframe\razemfix-wireframe\public\produtos\porca_sextavada_astm_a194_2h.png
Porca Sextavada ASTM A563;;C:\Users\Marco\Desktop\projetos\razemfix-wireframe\razemfix-wireframe\public\produtos;Porcas;porca_sextavada_astm_a563;png;C:\Users\Marco\Desktop\projetos\razemfix-wireframe\razemfix-wireframe\public\produtos\porca_sextavada_astm_a563.png
Porca Flangeada com Nylon;;C:\Users\Marco\Desktop\projetos\razemfix-wireframe\razemfix-wireframe\public\produtos;Porcas;porca_flangeada_com_nylon;png;C:\Users\Marco\Desktop\projetos\razemfix-wireframe\razemfix-wireframe\public\produtos\porca_flangeada_com_nylon.png
Porca Travante Alta com Nylon;;C:\Users\Marco\Desktop\projetos\razemfix-wireframe\razemfix-wireframe\public\produtos;Porcas;porca_travante_alta_com_nylon;png;C:\Users\Marco\Desktop\projetos\razemfix-wireframe\razemfix-wireframe\public\produtos\porca_travante_alta_com_nylon.png
Porca Travante Baixa com Nylon;;C:\Users\Marco\Desktop\projetos\razemfix-wireframe\razemfix-wireframe\public\produtos;Porcas;porca_travante_baixa_com_nylon;png;C:\Users\Marco\Desktop\projetos\razemfix-wireframe\razemfix-wireframe\public\produtos\porca_travante_baixa_com_nylon.png
Porca Quadrada;;C:\Users\Marco\Desktop\projetos\razemfix-wireframe\razemfix-wireframe\public\produtos;Porcas;porca_quadrada;png;C:\Users\Marco\Desktop\projetos\razemfix-wireframe\razemfix-wireframe\public\produtos\porca_quadrada.png
Porca Borboleta;;C:\Users\Marco\Desktop\projetos\razemfix-wireframe\razemfix-wireframe\public\produtos;Porcas;porca_borboleta;png;C:\Users\Marco\Desktop\projetos\razemfix-wireframe\razemfix-wireframe\public\produtos\porca_borboleta.png
Porca Dupla;;C:\Users\Marco\Desktop\projetos\razemfix-wireframe\razemfix-wireframe\public\produtos;Porcas;porca_dupla;png;C:\Users\Marco\Desktop\projetos\razemfix-wireframe\razemfix-wireframe\public\produtos\porca_dupla.png
Porca Castelo sem Coroa;;C:\Users\Marco\Desktop\projetos\razemfix-wireframe\razemfix-wireframe\public\produtos;Porcas;porca_castelo_sem_coroa;png;C:\Users\Marco\Desktop\projetos\razemfix-wireframe\razemfix-wireframe\public\produtos\porca_castelo_sem_coroa.png
Porca Castelo com Coroa Alta;;C:\Users\Marco\Desktop\projetos\razemfix-wireframe\razemfix-wireframe\public\produtos;Porcas;porca_castelo_com_coroa_alta;png;C:\Users\Marco\Desktop\projetos\razemfix-wireframe\razemfix-wireframe\public\produtos\porca_castelo_com_coroa_alta.png
Porca Castelo com Coroa Baixa;;C:\Users\Marco\Desktop\projetos\razemfix-wireframe\razemfix-wireframe\public\produtos;Porcas;porca_castelo_com_coroa_baixa;png;C:\Users\Marco\Desktop\projetos\razemfix-wireframe\razemfix-wireframe\public\produtos\porca_castelo_com_coroa_baixa.png
Porca Sextavada de Solda;;C:\Users\Marco\Desktop\projetos\razemfix-wireframe\razemfix-wireframe\public\produtos;Porcas;porca_sextavada_de_solda;png;C:\Users\Marco\Desktop\projetos\razemfix-wireframe\razemfix-wireframe\public\produtos\porca_sextavada_de_solda.png
Porca Quadrada de Solda;;C:\Users\Marco\Desktop\projetos\razemfix-wireframe\razemfix-wireframe\public\produtos;Porcas;porca_quadrada_de_solda;png;C:\Users\Marco\Desktop\projetos\razemfix-wireframe\razemfix-wireframe\public\produtos\porca_quadrada_de_solda.png
Porca Calota Forma Baixa;;C:\Users\Marco\Desktop\projetos\razemfix-wireframe\razemfix-wireframe\public\produtos;Porcas;porca_calota_forma_baixa;png;C:\Users\Marco\Desktop\projetos\razemfix-wireframe\razemfix-wireframe\public\produtos\porca_calota_forma_baixa.png
Porca Calota;;C:\Users\Marco\Desktop\projetos\razemfix-wireframe\razemfix-wireframe\public\produtos;Porcas;porca_calota;png;C:\Users\Marco\Desktop\projetos\razemfix-wireframe\razemfix-wireframe\public\produtos\porca_calota.png
Porca Fendada;;C:\Users\Marco\Desktop\projetos\razemfix-wireframe\razemfix-wireframe\public\produtos;Porcas;porca_fendada;png;C:\Users\Marco\Desktop\projetos\razemfix-wireframe\razemfix-wireframe\public\produtos\porca_fendada.png
Porca Sextavada de Roda;;C:\Users\Marco\Desktop\projetos\razemfix-wireframe\razemfix-wireframe\public\produtos;Porcas;porca_sextavada_de_roda;png;C:\Users\Marco\Desktop\projetos\razemfix-wireframe\razemfix-wireframe\public\produtos\porca_sextavada_de_roda.png
Porca Garra;;C:\Users\Marco\Desktop\projetos\razemfix-wireframe\razemfix-wireframe\public\produtos;Porcas;porca_garra;png;C:\Users\Marco\Desktop\projetos\razemfix-wireframe\razemfix-wireframe\public\produtos\porca_garra.png
Porca Pall Nut de Segurança;;C:\Users\Marco\Desktop\projetos\razemfix-wireframe\razemfix-wireframe\public\produtos;Porcas;porca_pall_nut_de_seguranca;png;C:\Users\Marco\Desktop\projetos\razemfix-wireframe\razemfix-wireframe\public\produtos\porca_pall_nut_de_seguranca.png
Prolongador;;C:\Users\Marco\Desktop\projetos\razemfix-wireframe\razemfix-wireframe\public\produtos;Porcas;prolongador;png;C:\Users\Marco\Desktop\projetos\razemfix-wireframe\razemfix-wireframe\public\produtos\prolongador.png
Arruela Lisa;;C:\Users\Marco\Desktop\projetos\razemfix-wireframe\razemfix-wireframe\public\produtos;Arruelas;arruela_lisa;png;C:\Users\Marco\Desktop\projetos\razemfix-wireframe\razemfix-wireframe\public\produtos\arruela_lisa.png
Arruela de Aba Larga;;C:\Users\Marco\Desktop\projetos\razemfix-wireframe\razemfix-wireframe\public\produtos;Arruelas;arruela_de_aba_larga;png;C:\Users\Marco\Desktop\projetos\razemfix-wireframe\razemfix-wireframe\public\produtos\arruela_de_aba_larga.png
Arruela de Funileiro;;C:\Users\Marco\Desktop\projetos\razemfix-wireframe\razemfix-wireframe\public\produtos;Arruelas;arruela_de_funileiro;png;C:\Users\Marco\Desktop\projetos\razemfix-wireframe\razemfix-wireframe\public\produtos\arruela_de_funileiro.png
Arruela ASTM F436;;C:\Users\Marco\Desktop\projetos\razemfix-wireframe\razemfix-wireframe\public\produtos;Arruelas;arruela_astm_f436;png;C:\Users\Marco\Desktop\projetos\razemfix-wireframe\razemfix-wireframe\public\produtos\arruela_astm_f436.png
Arruela Narrow;;C:\Users\Marco\Desktop\projetos\razemfix-wireframe\razemfix-wireframe\public\produtos;Arruelas;arruela_narrow;png;C:\Users\Marco\Desktop\projetos\razemfix-wireframe\razemfix-wireframe\public\produtos\arruela_narrow.png
Arruela de Pressão;;C:\Users\Marco\Desktop\projetos\razemfix-wireframe\razemfix-wireframe\public\produtos;Arruelas;arruela_de_pressao;png;C:\Users\Marco\Desktop\projetos\razemfix-wireframe\razemfix-wireframe\public\produtos\arruela_de_pressao.png
Arruela de Vedação;;C:\Users\Marco\Desktop\projetos\razemfix-wireframe\razemfix-wireframe\public\produtos;Arruelas;arruela_de_vedacao;png;C:\Users\Marco\Desktop\projetos\razemfix-wireframe\razemfix-wireframe\public\produtos\arruela_de_vedacao.png
Arruela de Vedação Côncava;;C:\Users\Marco\Desktop\projetos\razemfix-wireframe\razemfix-wireframe\public\produtos;Arruelas;arruela_de_vedacao_concava;png;C:\Users\Marco\Desktop\projetos\razemfix-wireframe\razemfix-wireframe\public\produtos\arruela_de_vedacao_concava.png
Arruela Dentada Interna;;C:\Users\Marco\Desktop\projetos\razemfix-wireframe\razemfix-wireframe\public\produtos;Arruelas;arruela_dentada_interna;png;C:\Users\Marco\Desktop\projetos\razemfix-wireframe\razemfix-wireframe\public\produtos\arruela_dentada_interna.png
Arruela Dentada Externa;;C:\Users\Marco\Desktop\projetos\razemfix-wireframe\razemfix-wireframe\public\produtos;Arruelas;arruela_dentada_externa;png;C:\Users\Marco\Desktop\projetos\razemfix-wireframe\razemfix-wireframe\public\produtos\arruela_dentada_externa.png
Arruela Quadrada (Tipo Cunha Para Perfil);;C:\Users\Marco\Desktop\projetos\razemfix-wireframe\razemfix-wireframe\public\produtos;Arruelas;arruela_quadrada_-tipo_cunha_para_perfil-;png;C:\Users\Marco\Desktop\projetos\razemfix-wireframe\razemfix-wireframe\public\produtos\arruela_quadrada_-tipo_cunha_para_perfil-.png
Anilha;;C:\Users\Marco\Desktop\projetos\razemfix-wireframe\razemfix-wireframe\public\produtos;Arruelas;anilha;png;C:\Users\Marco\Desktop\projetos\razemfix-wireframe\razemfix-wireframe\public\produtos\anilha.png
Mola Prato;;C:\Users\Marco\Desktop\projetos\razemfix-wireframe\razemfix-wireframe\public\produtos;Arruelas;mola_prato;png;C:\Users\Marco\Desktop\projetos\razemfix-wireframe\razemfix-wireframe\public\produtos\mola_prato.png
Rebite de Repuxo;;C:\Users\Marco\Desktop\projetos\razemfix-wireframe\razemfix-wireframe\public\produtos;Rebites;rebite_de_repuxo;png;C:\Users\Marco\Desktop\projetos\razemfix-wireframe\razemfix-wireframe\public\produtos\rebite_de_repuxo.png
Porca Rebite;;C:\Users\Marco\Desktop\projetos\razemfix-wireframe\razemfix-wireframe\public\produtos;Rebites;porca_rebite;png;C:\Users\Marco\Desktop\projetos\razemfix-wireframe\razemfix-wireframe\public\produtos\porca_rebite.png
Rebite Maciço;;C:\Users\Marco\Desktop\projetos\razemfix-wireframe\razemfix-wireframe\public\produtos;Rebites;rebite_macico;png;C:\Users\Marco\Desktop\projetos\razemfix-wireframe\razemfix-wireframe\public\produtos\rebite_macico.png
Porca Semi Tubular;;C:\Users\Marco\Desktop\projetos\razemfix-wireframe\razemfix-wireframe\public\produtos;Rebites;porca_semi_tubular;png;C:\Users\Marco\Desktop\projetos\razemfix-wireframe\razemfix-wireframe\public\produtos\porca_semi_tubular.png
Gancho;;C:\Users\Marco\Desktop\projetos\razemfix-wireframe\razemfix-wireframe\public\produtos;Acessórios;gancho;png;C:\Users\Marco\Desktop\projetos\razemfix-wireframe\razemfix-wireframe\public\produtos\gancho.png
Pitão;;C:\Users\Marco\Desktop\projetos\razemfix-wireframe\razemfix-wireframe\public\produtos;Acessórios;pitao;png;C:\Users\Marco\Desktop\projetos\razemfix-wireframe\razemfix-wireframe\public\produtos\pitao.png
Escápula;;C:\Users\Marco\Desktop\projetos\razemfix-wireframe\razemfix-wireframe\public\produtos;Acessórios;escapula;png;C:\Users\Marco\Desktop\projetos\razemfix-wireframe\razemfix-wireframe\public\produtos\escapula.png
Chumbadores Químicos;;C:\Users\Marco\Desktop\projetos\razemfix-wireframe\razemfix-wireframe\public\produtos;Chumbadores;chumbadores_quimicos;png;C:\Users\Marco\Desktop\projetos\razemfix-wireframe\razemfix-wireframe\public\produtos\chumbadores_quimicos.png
Chumbadores Mecânicos;;C:\Users\Marco\Desktop\projetos\razemfix-wireframe\razemfix-wireframe\public\produtos;Chumbadores;chumbadores_mecanicos;png;C:\Users\Marco\Desktop\projetos\razemfix-wireframe\razemfix-wireframe\public\produtos\chumbadores_mecanicos.png
Itens para Instalações (Prediais e Industriais);;C:\Users\Marco\Desktop\projetos\razemfix-wireframe\razemfix-wireframe\public\produtos;Acessórios;itens_para_instalacoes_-prediais_e_industriais-;png;C:\Users\Marco\Desktop\projetos\razemfix-wireframe\razemfix-wireframe\public\produtos\itens_para_instalacoes_-prediais_e_industriais-.png
Porca Olhal;;C:\Users\Marco\Desktop\projetos\razemfix-wireframe\razemfix-wireframe\public\produtos;Acessórios;porca_olhal;png;C:\Users\Marco\Desktop\projetos\razemfix-wireframe\razemfix-wireframe\public\produtos\porca_olhal.png
Parafuso Olhal;;C:\Users\Marco\Desktop\projetos\razemfix-wireframe\razemfix-wireframe\public\produtos;Acessórios;parafuso_olhal;png;C:\Users\Marco\Desktop\projetos\razemfix-wireframe\razemfix-wireframe\public\produtos\parafuso_olhal.png
Esticador Gancho Olhal;;C:\Users\Marco\Desktop\projetos\razemfix-wireframe\razemfix-wireframe\public\produtos;Acessórios;esticador_gancho_olhal;png;C:\Users\Marco\Desktop\projetos\razemfix-wireframe\razemfix-wireframe\public\produtos\esticador_gancho_olhal.png
Sapatilha;;C:\Users\Marco\Desktop\projetos\razemfix-wireframe\razemfix-wireframe\public\produtos;Acessórios;sapatilha;png;C:\Users\Marco\Desktop\projetos\razemfix-wireframe\razemfix-wireframe\public\produtos\sapatilha.png
Mosquetão;;C:\Users\Marco\Desktop\projetos\razemfix-wireframe\razemfix-wireframe\public\produtos;Acessórios;mosquetao;png;C:\Users\Marco\Desktop\projetos\razemfix-wireframe\razemfix-wireframe\public\produtos\mosquetao.png
Manilha Curva;;C:\Users\Marco\Desktop\projetos\razemfix-wireframe\razemfix-wireframe\public\produtos;Acessórios;manilha_curva;png;C:\Users\Marco\Desktop\projetos\razemfix-wireframe\razemfix-wireframe\public\produtos\manilha_curva.png
Manilha Reta;;C:\Users\Marco\Desktop\projetos\razemfix-wireframe\razemfix-wireframe\public\produtos;Acessórios;manilha_reta;png;C:\Users\Marco\Desktop\projetos\razemfix-wireframe\razemfix-wireframe\public\produtos\manilha_reta.png
Clip;;C:\Users\Marco\Desktop\projetos\razemfix-wireframe\razemfix-wireframe\public\produtos;Acessórios;clip;png;C:\Users\Marco\Desktop\projetos\razemfix-wireframe\razemfix-wireframe\public\produtos\clip.png
